chr5	88640561	88640561	rs7721099	0.1415
chr5	88642739	88642739	rs7703782	0.1415
chr5	88643836	88643836	rs10514301	0.1415
chr5	88646688	88646688	rs10067451	3.2604
chr5	88647050	88647050	rs383883	0.1925
chr5	88647527	88647527	rs13162708	0.2495
chr5	88654725	88654725	rs16903275	0.1759
chr5	88654919	88654919	rs28115	0.1925
chr5	88667782	88667782	rs1501673	0.2668
chr5	88667943	88667943	rs1501672	0.2668
chr5	88668596	88668596	rs13162910	0.06
chr5	88669203	88669203	rs6893807	0.1759
chr5	88673046	88673046	rs6882046	1.6364
chr5	88673135	88673135	rs3814424	0.1871
chr5	88680820	88680820	rs16903284	0.0232
chr5	88682435	88682435	rs16903285	0.2526
chr5	88685213	88685213	rs153685	4.1373
chr5	88692240	88692240	rs6894196	0.9318
chr5	88705981	88705981	rs2161228	0.3242
chr5	88706152	88706152	rs639725	4.0334
chr5	88707586	88707586	rs454214	4.0334
chr5	88708284	88708284	rs410216	6.5513
chr5	88711076	88711076	rs254776	6.5986
chr5	88713776	88713776	rs254778	6.5986
chr5	88715012	88715012	rs12655172	0.5498
chr5	88719728	88719728	rs34316	4.0017
chr5	88723657	88723657	rs42850	4.0017
chr5	88723930	88723930	rs254780	4.0017
chr5	88724502	88724502	rs34321	4.0862
chr5	88725017	88725017	rs13170975	0.0899
chr5	88725710	88725710	rs34320	4.4908
chr5	88731053	88731053	rs187270	4.4908
chr5	88731085	88731085	rs190438	6.0123
chr5	88731332	88731332	rs34318	4.5003
chr5	88731400	88731400	rs10514302	0.4881
chr5	88733810	88733810	rs412458	5.7212
chr5	88734853	88734853	rs13158247	4.5003
chr5	88737284	88737284	rs16903320	0.4881
chr5	88739050	88739050	rs661311	5.7212
chr5	88742573	88742573	rs618298	4.6364
chr5	88743028	88743028	rs616391	4.6364
chr5	88746037	88746037	rs7718514	0.0726
chr5	88746115	88746115	rs652660	5.5482
chr5	88759944	88759944	rs664366	5.2907
chr5	88773776	88773776	rs622803	3.983
chr5	88774599	88774599	rs6872000	2.5867
chr5	88776116	88776116	rs11744850	3.8182
chr5	88778712	88778712	rs13166883	2.5867
chr5	88781631	88781631	rs10942537	2.5867
chr5	88783193	88783193	rs674747	3.6198
chr5	88785679	88785679	rs12521662	0.1878
chr5	88787636	88787636	rs17558256	0.5528
chr5	88790307	88790307	rs6870660	2.5867
chr5	88792622	88792622	rs770189	2.5867
chr5	88799968	88799968	rs244755	2.5867
chr5	88802247	88802247	rs244756	2.5867
chr5	88802303	88802303	rs244757	2.5719
chr5	88803854	88803854	rs585950	3.5952
chr5	88804134	88804134	rs4521516	0.0487
chr5	88804443	88804443	rs3850650	0.02
chr5	88805333	88805333	rs700593	2.5719
chr5	88806464	88806464	rs17558396	2.9136
chr5	88807046	88807046	rs700592	4.4815
chr5	88807396	88807396	rs11959216	1.4023
chr5	88808605	88808605	rs11956763	1.4023
chr5	88809797	88809797	rs700591	4.4473
chr5	88811036	88811036	rs11958689	0.5528
chr5	88812757	88812757	rs700588	5.762
chr5	88814521	88814521	rs165945	5.762
chr5	88816944	88816944	rs12521522	0.5528
chr5	88817411	88817411	rs11955542	0.5528
chr5	88818659	88818659	rs160044	5.762
chr5	88820502	88820502	rs159950	3.5867
chr5	88820711	88820711	rs11958401	1.3615
chr5	88821210	88821210	rs244761	5.762
chr5	88823041	88823041	rs167345	5.762
chr5	88825371	88825371	rs304153	5.1959
chr5	88827733	88827733	rs770525	3.1385
chr5	88828306	88828306	rs304152	4.6968
chr5	88830036	88830036	rs304151	3.8239
chr5	88838493	88838493	rs304161	5.1959
chr5	88839645	88839645	rs304160	4.8153
chr5	88840599	88840599	rs9293504	0.5086
chr5	88841664	88841664	rs302485	3.1385
chr5	88842225	88842225	rs304159	4.8297
chr5	88842914	88842914	rs11951031	0.5528
chr5	88845145	88845145	rs244749	2.983
chr5	88845723	88845723	rs7734502	0.6091
chr5	88847932	88847932	rs302484	0.5086
chr5	88848209	88848209	rs244754	4.6556
chr5	88848274	88848274	rs302483	0.3675
chr5	88848417	88848417	rs302482	0.5086
chr5	88848869	88848869	rs244751	3.1385
chr5	88851375	88851375	rs244750	3.4672
chr5	88853643	88853643	rs4145737	0.0506
chr5	88854129	88854129	rs159949	0.6904
chr5	88858258	88858258	rs12515983	0.5528
chr5	88861153	88861153	rs304162	0.9706
chr5	88862065	88862065	rs13164429	0.0119
chr5	88865600	88865600	rs12054920	1.5317
chr5	88866859	88866859	rs302478	1.0434
chr5	88874514	88874514	rs216057	1.5317
chr5	88882866	88882866	rs10044342	3.1325
chr5	88884587	88884587	rs3814428	0.0496
chr5	88888774	88888774	rs7737567	0.5086
chr5	88890652	88890652	rs9293505	0.5086
chr5	88891137	88891137	rs3850653	1.0218
chr5	88892550	88892550	rs12522630	0.5591
chr5	88893707	88893707	rs13188739	0.4789
chr5	88897342	88897342	rs17494872	1.0565
chr5	88899133	88899133	rs770463	1.3799
chr5	88900186	88900186	rs4446500	0.5834
chr5	88903406	88903406	rs10038371	1.5017
chr5	88910179	88910179	rs10085009	0.51
chr5	88914838	88914838	rs13357047	0.2741
chr5	88919637	88919637	rs770466	0.2411
chr5	88919777	88919777	rs304132	0.466
chr5	88922980	88922980	rs10044186	0.3737
chr5	88924147	88924147	rs10037047	1.4353
chr5	88935591	88935591	rs301717	0.0343
chr5	88936022	88936022	rs301718	0.0343
chr5	88937098	88937098	rs301719	0.0343
chr5	88937837	88937837	rs301720	0.0343
chr5	88939857	88939857	rs301723	0.0343
chr5	88940643	88940643	rs301725	0.0343
chr5	88941125	88941125	rs7700950	0.0343
chr5	88941253	88941253	rs301726	0.0343
chr5	88941713	88941713	rs301727	0.0343
chr5	88941984	88941984	rs301728	0.0343
chr5	88942224	88942224	rs301729	0.0343
chr5	88943389	88943389	rs1650626	0.0343
chr5	88943511	88943511	rs1650627	0.0343
chr5	88943758	88943758	rs1650629	0.0343
chr5	88946889	88946889	rs301706	0.684
chr5	88951417	88951417	rs177281	0.4711
chr5	88951449	88951449	rs11952384	0.3872
chr5	88955319	88955319	rs214137	0.767
chr5	88956656	88956656	rs214136	0.7773
chr5	88957344	88957344	rs16903431	0.0114
chr5	88957520	88957520	rs1455098	0.644
chr5	88958099	88958099	rs214134	0.7773
chr5	88963038	88963038	rs16876775	0.0088
chr5	88969095	88969095	rs16903435	0.0088
chr5	88977836	88977836	rs6864888	0.2967
chr5	88982128	88982128	rs6861886	0.2967
chr5	88982476	88982476	rs1863958	0.2848
chr5	88985148	88985148	rs7700997	0.2848
chr5	88986409	88986409	rs1863752	0.2848
chr5	88986736	88986736	rs13177933	0.3161
chr5	88987919	88987919	rs919184	0.3161
chr5	88988368	88988368	rs4916735	0.3161
chr5	88994950	88994950	rs4916737	0.3161
chr5	88995607	88995607	rs957629	0.2993
chr5	89001683	89001683	rs13154117	0.2993
chr5	89001975	89001975	rs4916738	0.2967
